,鄉鎮,table連結
0,海外地區,http://cmdweb.pcc.gov.tw/pccms/owa/guesmap.rnap4?iplscode=9999&iwebcod=&iuid=3T3F4C4C3N4E3Q4A
1,金門縣烏坵鄉,http://cmdweb.pcc.gov.tw/pccms/owa/guesmap.rnap4?iplscode=7206&iwebcod=&iuid=3T3F4C4C3N4E3Q4A
2,金門縣烈嶼鄉,http://cmdweb.pcc.gov.tw/pccms/owa/guesmap.rnap4?iplscode=7205&iwebcod=&iuid=3T3F4C4C3N4E3Q4A
3,金門縣金寧鄉,http://cmdweb.pcc.gov.tw/pccms/owa/guesmap.rnap4?iplscode=7204&iwebcod=&iuid=3T3F4C4C3N4E3Q4A
4,金門縣金湖鎮,http://cmdweb.pcc.gov.tw/pccms/owa/guesmap.rnap4?iplscode=7203&iwebcod=&iuid=3T3F4C4C3N4E3Q4A
5,金門縣金沙鎮,http://cmdweb.pcc.gov.tw/pccms/owa/guesmap.rnap4?iplscode=7202&iwebcod=&iuid=3T3F4C4C3N4E3Q4A
6,金門縣金城鎮,http://cmdweb.pcc.gov.tw/pccms/owa/guesmap.rnap4?iplscode=7201&iwebcod=&iuid=3T3F4C4C3N4E3Q4A
7,連江縣東引鄉,http://cmdweb.pcc.gov.tw/pccms/owa/guesmap.rnap4?iplscode=7104&iwebcod=&iuid=3T3F4C4C3N4E3Q4A
8,連江縣莒光鄉,http://cmdweb.pcc.gov.tw/pccms/owa/guesmap.rnap4?iplscode=7103&iwebcod=&iuid=3T3F4C4C3N4E3Q4A
9,連江縣北竿鄉,http://cmdweb.pcc.gov.tw/pccms/owa/guesmap.rnap4?iplscode=7102&iwebcod=&iuid=3T3F4C4C3N4E3Q4A
10,連江縣南竿鄉,http://cmdweb.pcc.gov.tw/pccms/owa/guesmap.rnap4?iplscode=7101&iwebcod=&iuid=3T3F4C4C3N4E3Q4A
11,台北市北投區,http://cmdweb.pcc.gov.tw/pccms/owa/guesmap.rnap4?iplscode=6312&iwebcod=&iuid=3T3F4C4C3N4E3Q4A
12,台北市士林區,http://cmdweb.pcc.gov.tw/pccms/owa/guesmap.rnap4?iplscode=6311&iwebcod=&iuid=3T3F4C4C3N4E3Q4A
13,台北市內湖區,http://cmdweb.pcc.gov.tw/pccms/owa/guesmap.rnap4?iplscode=6310&iwebcod=&iuid=3T3F4C4C3N4E3Q4A
14,台北市南港區,http://cmdweb.pcc.gov.tw/pccms/owa/guesmap.rnap4?iplscode=6309&iwebcod=&iuid=3T3F4C4C3N4E3Q4A
15,台北市文山區,http://cmdweb.pcc.gov.tw/pccms/owa/guesmap.rnap4?iplscode=6308&iwebcod=&iuid=3T3F4C4C3N4E3Q4A
16,台北市萬華區,http://cmdweb.pcc.gov.tw/pccms/owa/guesmap.rnap4?iplscode=6307&iwebcod=&iuid=3T3F4C4C3N4E3Q4A
17,台北市大同區,http://cmdweb.pcc.gov.tw/pccms/owa/guesmap.rnap4?iplscode=6306&iwebcod=&iuid=3T3F4C4C3N4E3Q4A
18,台北市中正區,http://cmdweb.pcc.gov.tw/pccms/owa/guesmap.rnap4?iplscode=6305&iwebcod=&iuid=3T3F4C4C3N4E3Q4A
19,台北市中山區,http://cmdweb.pcc.gov.tw/pccms/owa/guesmap.rnap4?iplscode=6304&iwebcod=&iuid=3T3F4C4C3N4E3Q4A
20,台北市大安區,http://cmdweb.pcc.gov.tw/pccms/owa/guesmap.rnap4?iplscode=6303&iwebcod=&iuid=3T3F4C4C3N4E3Q4A
21,台北市信義區,http://cmdweb.pcc.gov.tw/pccms/owa/guesmap.rnap4?iplscode=6302&iwebcod=&iuid=3T3F4C4C3N4E3Q4A
22,台北市松山區,http://cmdweb.pcc.gov.tw/pccms/owa/guesmap.rnap4?iplscode=6301&iwebcod=&iuid=3T3F4C4C3N4E3Q4A
23,嘉義市西區,http://cmdweb.pcc.gov.tw/pccms/owa/guesmap.rnap4?iplscode=2002&iwebcod=&iuid=3T3F4C4C3N4E3Q4A
24,嘉義市東區,http://cmdweb.pcc.gov.tw/pccms/owa/guesmap.rnap4?iplscode=2001&iwebcod=&iuid=3T3F4C4C3N4E3Q4A
25,新竹市香山區,http://cmdweb.pcc.gov.tw/pccms/owa/guesmap.rnap4?iplscode=1803&iwebcod=&iuid=3T3F4C4C3N4E3Q4A
26,新竹市北區,http://cmdweb.pcc.gov.tw/pccms/owa/guesmap.rnap4?iplscode=1802&iwebcod=&iuid=3T3F4C4C3N4E3Q4A
27,新竹市東區,http://cmdweb.pcc.gov.tw/pccms/owa/guesmap.rnap4?iplscode=1801&iwebcod=&iuid=3T3F4C4C3N4E3Q4A
28,基隆市信義區,http://cmdweb.pcc.gov.tw/pccms/owa/guesmap.rnap4?iplscode=1707&iwebcod=&iuid=3T3F4C4C3N4E3Q4A
29,基隆市安樂區,http://cmdweb.pcc.gov.tw/pccms/owa/guesmap.rnap4?iplscode=1706&iwebcod=&iuid=3T3F4C4C3N4E3Q4A
30,基隆市中山區,http://cmdweb.pcc.gov.tw/pccms/owa/guesmap.rnap4?iplscode=1705&iwebcod=&iuid=3T3F4C4C3N4E3Q4A
31,基隆市仁愛區,http://cmdweb.pcc.gov.tw/pccms/owa/guesmap.rnap4?iplscode=1704&iwebcod=&iuid=3T3F4C4C3N4E3Q4A
32,基隆市暖暖區,http://cmdweb.pcc.gov.tw/pccms/owa/guesmap.rnap4?iplscode=1703&iwebcod=&iuid=3T3F4C4C3N4E3Q4A
33,基隆市七堵區,http://cmdweb.pcc.gov.tw/pccms/owa/guesmap.rnap4?iplscode=1702&iwebcod=&iuid=3T3F4C4C3N4E3Q4A
34,基隆市中正區,http://cmdweb.pcc.gov.tw/pccms/owa/guesmap.rnap4?iplscode=1701&iwebcod=&iuid=3T3F4C4C3N4E3Q4A
35,澎湖縣七美鄉,http://cmdweb.pcc.gov.tw/pccms/owa/guesmap.rnap4?iplscode=1606&iwebcod=&iuid=3T3F4C4C3N4E3Q4A
36,澎湖縣望安鄉,http://cmdweb.pcc.gov.tw/pccms/owa/guesmap.rnap4?iplscode=1605&iwebcod=&iuid=3T3F4C4C3N4E3Q4A
37,澎湖縣西嶼鄉,http://cmdweb.pcc.gov.tw/pccms/owa/guesmap.rnap4?iplscode=1604&iwebcod=&iuid=3T3F4C4C3N4E3Q4A
38,澎湖縣白沙鄉,http://cmdweb.pcc.gov.tw/pccms/owa/guesmap.rnap4?iplscode=1603&iwebcod=&iuid=3T3F4C4C3N4E3Q4A
39,澎湖縣湖西鄉,http://cmdweb.pcc.gov.tw/pccms/owa/guesmap.rnap4?iplscode=1602&iwebcod=&iuid=3T3F4C4C3N4E3Q4A
40,澎湖縣馬公市,http://cmdweb.pcc.gov.tw/pccms/owa/guesmap.rnap4?iplscode=1601&iwebcod=&iuid=3T3F4C4C3N4E3Q4A
41,花蓮縣卓溪鄉,http://cmdweb.pcc.gov.tw/pccms/owa/guesmap.rnap4?iplscode=1513&iwebcod=&iuid=3T3F4C4C3N4E3Q4A
42,花蓮縣萬榮鄉,http://cmdweb.pcc.gov.tw/pccms/owa/guesmap.rnap4?iplscode=1512&iwebcod=&iuid=3T3F4C4C3N4E3Q4A
43,花蓮縣秀林鄉,http://cmdweb.pcc.gov.tw/pccms/owa/guesmap.rnap4?iplscode=1511&iwebcod=&iuid=3T3F4C4C3N4E3Q4A
44,花蓮縣富里鄉,http://cmdweb.pcc.gov.tw/pccms/owa/guesmap.rnap4?iplscode=1510&iwebcod=&iuid=3T3F4C4C3N4E3Q4A
45,花蓮縣瑞穗鄉,http://cmdweb.pcc.gov.tw/pccms/owa/guesmap.rnap4?iplscode=1509&iwebcod=&iuid=3T3F4C4C3N4E3Q4A
46,花蓮縣豐濱鄉,http://cmdweb.pcc.gov.tw/pccms/owa/guesmap.rnap4?iplscode=1508&iwebcod=&iuid=3T3F4C4C3N4E3Q4A
47,花蓮縣光復鄉,http://cmdweb.pcc.gov.tw/pccms/owa/guesmap.rnap4?iplscode=1507&iwebcod=&iuid=3T3F4C4C3N4E3Q4A
48,花蓮縣壽豐鄉,http://cmdweb.pcc.gov.tw/pccms/owa/guesmap.rnap4?iplscode=1506&iwebcod=&iuid=3T3F4C4C3N4E3Q4A
49,花蓮縣吉安鄉,http://cmdweb.pcc.gov.tw/pccms/owa/guesmap.rnap4?iplscode=1505&iwebcod=&iuid=3T3F4C4C3N4E3Q4A
50,花蓮縣新城鄉,http://cmdweb.pcc.gov.tw/pccms/owa/guesmap.rnap4?iplscode=1504&iwebcod=&iuid=3T3F4C4C3N4E3Q4A
51,花蓮縣玉里鎮,http://cmdweb.pcc.gov.tw/pccms/owa/guesmap.rnap4?iplscode=1503&iwebcod=&iuid=3T3F4C4C3N4E3Q4A
52,花蓮縣鳳林鎮,http://cmdweb.pcc.gov.tw/pccms/owa/guesmap.rnap4?iplscode=1502&iwebcod=&iuid=3T3F4C4C3N4E3Q4A
53,花蓮縣花蓮市,http://cmdweb.pcc.gov.tw/pccms/owa/guesmap.rnap4?iplscode=1501&iwebcod=&iuid=3T3F4C4C3N4E3Q4A
54,台東縣蘭嶼鄉,http://cmdweb.pcc.gov.tw/pccms/owa/guesmap.rnap4?iplscode=1416&iwebcod=&iuid=3T3F4C4C3N4E3Q4A
55,台東縣達仁鄉,http://cmdweb.pcc.gov.tw/pccms/owa/guesmap.rnap4?iplscode=1415&iwebcod=&iuid=3T3F4C4C3N4E3Q4A
56,台東縣金峰鄉,http://cmdweb.pcc.gov.tw/pccms/owa/guesmap.rnap4?iplscode=1414&iwebcod=&iuid=3T3F4C4C3N4E3Q4A
57,台東縣延平鄉,http://cmdweb.pcc.gov.tw/pccms/owa/guesmap.rnap4?iplscode=1413&iwebcod=&iuid=3T3F4C4C3N4E3Q4A
58,台東縣海端鄉,http://cmdweb.pcc.gov.tw/pccms/owa/guesmap.rnap4?iplscode=1412&iwebcod=&iuid=3T3F4C4C3N4E3Q4A
59,台東縣綠島鄉,http://cmdweb.pcc.gov.tw/pccms/owa/guesmap.rnap4?iplscode=1411&iwebcod=&iuid=3T3F4C4C3N4E3Q4A
60,台東縣大武鄉,http://cmdweb.pcc.gov.tw/pccms/owa/guesmap.rnap4?iplscode=1410&iwebcod=&iuid=3T3F4C4C3N4E3Q4A
61,台東縣太麻里鄉,http://cmdweb.pcc.gov.tw/pccms/owa/guesmap.rnap4?iplscode=1409&iwebcod=&iuid=3T3F4C4C3N4E3Q4A
62,台東縣長濱鄉,http://cmdweb.pcc.gov.tw/pccms/owa/guesmap.rnap4?iplscode=1408&iwebcod=&iuid=3T3F4C4C3N4E3Q4A
63,台東縣東河鄉,http://cmdweb.pcc.gov.tw/pccms/owa/guesmap.rnap4?iplscode=1407&iwebcod=&iuid=3T3F4C4C3N4E3Q4A
64,台東縣池上鄉,http://cmdweb.pcc.gov.tw/pccms/owa/guesmap.rnap4?iplscode=1406&iwebcod=&iuid=3T3F4C4C3N4E3Q4A
65,台東縣鹿野鄉,http://cmdweb.pcc.gov.tw/pccms/owa/guesmap.rnap4?iplscode=1405&iwebcod=&iuid=3T3F4C4C3N4E3Q4A
66,台東縣卑南鄉,http://cmdweb.pcc.gov.tw/pccms/owa/guesmap.rnap4?iplscode=1404&iwebcod=&iuid=3T3F4C4C3N4E3Q4A
67,台東縣關山鎮,http://cmdweb.pcc.gov.tw/pccms/owa/guesmap.rnap4?iplscode=1403&iwebcod=&iuid=3T3F4C4C3N4E3Q4A
68,台東縣成功鎮,http://cmdweb.pcc.gov.tw/pccms/owa/guesmap.rnap4?iplscode=1402&iwebcod=&iuid=3T3F4C4C3N4E3Q4A
69,台東縣台東市,http://cmdweb.pcc.gov.tw/pccms/owa/guesmap.rnap4?iplscode=1401&iwebcod=&iuid=3T3F4C4C3N4E3Q4A
70,屏東縣牡丹鄉,http://cmdweb.pcc.gov.tw/pccms/owa/guesmap.rnap4?iplscode=1333&iwebcod=&iuid=3T3F4C4C3N4E3Q4A
71,屏東縣獅子鄉,http://cmdweb.pcc.gov.tw/pccms/owa/guesmap.rnap4?iplscode=1332&iwebcod=&iuid=3T3F4C4C3N4E3Q4A
72,屏東縣春日鄉,http://cmdweb.pcc.gov.tw/pccms/owa/guesmap.rnap4?iplscode=1331&iwebcod=&iuid=3T3F4C4C3N4E3Q4A
73,屏東縣來義鄉,http://cmdweb.pcc.gov.tw/pccms/owa/guesmap.rnap4?iplscode=1330&iwebcod=&iuid=3T3F4C4C3N4E3Q4A
74,屏東縣泰武鄉,http://cmdweb.pcc.gov.tw/pccms/owa/guesmap.rnap4?iplscode=1329&iwebcod=&iuid=3T3F4C4C3N4E3Q4A
75,屏東縣瑪家鄉,http://cmdweb.pcc.gov.tw/pccms/owa/guesmap.rnap4?iplscode=1328&iwebcod=&iuid=3T3F4C4C3N4E3Q4A
76,屏東縣霧台鄉,http://cmdweb.pcc.gov.tw/pccms/owa/guesmap.rnap4?iplscode=1327&iwebcod=&iuid=3T3F4C4C3N4E3Q4A
77,屏東縣三地門鄉,http://cmdweb.pcc.gov.tw/pccms/owa/guesmap.rnap4?iplscode=1326&iwebcod=&iuid=3T3F4C4C3N4E3Q4A
78,屏東縣枋山鄉,http://cmdweb.pcc.gov.tw/pccms/owa/guesmap.rnap4?iplscode=1325&iwebcod=&iuid=3T3F4C4C3N4E3Q4A
79,屏東縣滿州鄉,http://cmdweb.pcc.gov.tw/pccms/owa/guesmap.rnap4?iplscode=1324&iwebcod=&iuid=3T3F4C4C3N4E3Q4A
80,屏東縣車城鄉,http://cmdweb.pcc.gov.tw/pccms/owa/guesmap.rnap4?iplscode=1323&iwebcod=&iuid=3T3F4C4C3N4E3Q4A
81,屏東縣琉球鄉,http://cmdweb.pcc.gov.tw/pccms/owa/guesmap.rnap4?iplscode=1322&iwebcod=&iuid=3T3F4C4C3N4E3Q4A
82,屏東縣佳冬鄉,http://cmdweb.pcc.gov.tw/pccms/owa/guesmap.rnap4?iplscode=1321&iwebcod=&iuid=3T3F4C4C3N4E3Q4A
83,屏東縣南州鄉,http://cmdweb.pcc.gov.tw/pccms/owa/guesmap.rnap4?iplscode=1320&iwebcod=&iuid=3T3F4C4C3N4E3Q4A
84,屏東縣林邊鄉,http://cmdweb.pcc.gov.tw/pccms/owa/guesmap.rnap4?iplscode=1319&iwebcod=&iuid=3T3F4C4C3N4E3Q4A
85,屏東縣崁頂鄉,http://cmdweb.pcc.gov.tw/pccms/owa/guesmap.rnap4?iplscode=1318&iwebcod=&iuid=3T3F4C4C3N4E3Q4A
86,屏東縣新園鄉,http://cmdweb.pcc.gov.tw/pccms/owa/guesmap.rnap4?iplscode=1317&iwebcod=&iuid=3T3F4C4C3N4E3Q4A
87,屏東縣枋寮鄉,http://cmdweb.pcc.gov.tw/pccms/owa/guesmap.rnap4?iplscode=1316&iwebcod=&iuid=3T3F4C4C3N4E3Q4A
88,屏東縣新埤鄉,http://cmdweb.pcc.gov.tw/pccms/owa/guesmap.rnap4?iplscode=1315&iwebcod=&iuid=3T3F4C4C3N4E3Q4A
89,屏東縣竹田鄉,http://cmdweb.pcc.gov.tw/pccms/owa/guesmap.rnap4?iplscode=1314&iwebcod=&iuid=3T3F4C4C3N4E3Q4A
90,屏東縣內埔鄉,http://cmdweb.pcc.gov.tw/pccms/owa/guesmap.rnap4?iplscode=1313&iwebcod=&iuid=3T3F4C4C3N4E3Q4A
91,屏東縣萬巒鄉,http://cmdweb.pcc.gov.tw/pccms/owa/guesmap.rnap4?iplscode=1312&iwebcod=&iuid=3T3F4C4C3N4E3Q4A
92,屏東縣高樹鄉,http://cmdweb.pcc.gov.tw/pccms/owa/guesmap.rnap4?iplscode=1311&iwebcod=&iuid=3T3F4C4C3N4E3Q4A
93,屏東縣鹽埔鄉,http://cmdweb.pcc.gov.tw/pccms/owa/guesmap.rnap4?iplscode=1310&iwebcod=&iuid=3T3F4C4C3N4E3Q4A
94,屏東縣里港鄉,http://cmdweb.pcc.gov.tw/pccms/owa/guesmap.rnap4?iplscode=1309&iwebcod=&iuid=3T3F4C4C3N4E3Q4A
95,屏東縣九如鄉,http://cmdweb.pcc.gov.tw/pccms/owa/guesmap.rnap4?iplscode=1308&iwebcod=&iuid=3T3F4C4C3N4E3Q4A
96,屏東縣麟洛鄉,http://cmdweb.pcc.gov.tw/pccms/owa/guesmap.rnap4?iplscode=1307&iwebcod=&iuid=3T3F4C4C3N4E3Q4A
97,屏東縣長治鄉,http://cmdweb.pcc.gov.tw/pccms/owa/guesmap.rnap4?iplscode=1306&iwebcod=&iuid=3T3F4C4C3N4E3Q4A
98,屏東縣萬丹鄉,http://cmdweb.pcc.gov.tw/pccms/owa/guesmap.rnap4?iplscode=1305&iwebcod=&iuid=3T3F4C4C3N4E3Q4A
99,屏東縣恆春鎮,http://cmdweb.pcc.gov.tw/pccms/owa/guesmap.rnap4?iplscode=1304&iwebcod=&iuid=3T3F4C4C3N4E3Q4A
100,屏東縣東港鎮,http://cmdweb.pcc.gov.tw/pccms/owa/guesmap.rnap4?iplscode=1303&iwebcod=&iuid=3T3F4C4C3N4E3Q4A
101,屏東縣潮州鎮,http://cmdweb.pcc.gov.tw/pccms/owa/guesmap.rnap4?iplscode=1302&iwebcod=&iuid=3T3F4C4C3N4E3Q4A
102,屏東縣屏東市,http://cmdweb.pcc.gov.tw/pccms/owa/guesmap.rnap4?iplscode=1301&iwebcod=&iuid=3T3F4C4C3N4E3Q4A
103,高雄市小港區,http://cmdweb.pcc.gov.tw/pccms/owa/guesmap.rnap4?iplscode=1238&iwebcod=&iuid=3T3F4C4C3N4E3Q4A
104,高雄市旗津區,http://cmdweb.pcc.gov.tw/pccms/owa/guesmap.rnap4?iplscode=1237&iwebcod=&iuid=3T3F4C4C3N4E3Q4A
105,高雄市前鎮區,http://cmdweb.pcc.gov.tw/pccms/owa/guesmap.rnap4?iplscode=1236&iwebcod=&iuid=3T3F4C4C3N4E3Q4A
106,高雄市苓雅區,http://cmdweb.pcc.gov.tw/pccms/owa/guesmap.rnap4?iplscode=1235&iwebcod=&iuid=3T3F4C4C3N4E3Q4A
107,高雄市前金區,http://cmdweb.pcc.gov.tw/pccms/owa/guesmap.rnap4?iplscode=1234&iwebcod=&iuid=3T3F4C4C3N4E3Q4A
108,高雄市新興區,http://cmdweb.pcc.gov.tw/pccms/owa/guesmap.rnap4?iplscode=1233&iwebcod=&iuid=3T3F4C4C3N4E3Q4A
109,高雄市三民區,http://cmdweb.pcc.gov.tw/pccms/owa/guesmap.rnap4?iplscode=1232&iwebcod=&iuid=3T3F4C4C3N4E3Q4A
110,高雄市楠梓區,http://cmdweb.pcc.gov.tw/pccms/owa/guesmap.rnap4?iplscode=1231&iwebcod=&iuid=3T3F4C4C3N4E3Q4A
111,高雄市左營區,http://cmdweb.pcc.gov.tw/pccms/owa/guesmap.rnap4?iplscode=1230&iwebcod=&iuid=3T3F4C4C3N4E3Q4A
112,高雄市鼓山區,http://cmdweb.pcc.gov.tw/pccms/owa/guesmap.rnap4?iplscode=1229&iwebcod=&iuid=3T3F4C4C3N4E3Q4A
113,高雄市鹽埕區,http://cmdweb.pcc.gov.tw/pccms/owa/guesmap.rnap4?iplscode=1228&iwebcod=&iuid=3T3F4C4C3N4E3Q4A
114,高雄市那瑪夏區,http://cmdweb.pcc.gov.tw/pccms/owa/guesmap.rnap4?iplscode=1227&iwebcod=&iuid=3T3F4C4C3N4E3Q4A
115,高雄市桃源區,http://cmdweb.pcc.gov.tw/pccms/owa/guesmap.rnap4?iplscode=1226&iwebcod=&iuid=3T3F4C4C3N4E3Q4A
116,高雄市茂林區,http://cmdweb.pcc.gov.tw/pccms/owa/guesmap.rnap4?iplscode=1225&iwebcod=&iuid=3T3F4C4C3N4E3Q4A
117,高雄市內門區,http://cmdweb.pcc.gov.tw/pccms/owa/guesmap.rnap4?iplscode=1224&iwebcod=&iuid=3T3F4C4C3N4E3Q4A
118,高雄市杉林區,http://cmdweb.pcc.gov.tw/pccms/owa/guesmap.rnap4?iplscode=1223&iwebcod=&iuid=3T3F4C4C3N4E3Q4A
119,高雄市甲仙區,http://cmdweb.pcc.gov.tw/pccms/owa/guesmap.rnap4?iplscode=1222&iwebcod=&iuid=3T3F4C4C3N4E3Q4A
120,高雄市六龜區,http://cmdweb.pcc.gov.tw/pccms/owa/guesmap.rnap4?iplscode=1221&iwebcod=&iuid=3T3F4C4C3N4E3Q4A
121,高雄市美濃區,http://cmdweb.pcc.gov.tw/pccms/owa/guesmap.rnap4?iplscode=1220&iwebcod=&iuid=3T3F4C4C3N4E3Q4A
122,高雄市旗山區,http://cmdweb.pcc.gov.tw/pccms/owa/guesmap.rnap4?iplscode=1219&iwebcod=&iuid=3T3F4C4C3N4E3Q4A
123,高雄市梓官區,http://cmdweb.pcc.gov.tw/pccms/owa/guesmap.rnap4?iplscode=1218&iwebcod=&iuid=3T3F4C4C3N4E3Q4A
124,高雄市彌陀區,http://cmdweb.pcc.gov.tw/pccms/owa/guesmap.rnap4?iplscode=1217&iwebcod=&iuid=3T3F4C4C3N4E3Q4A
125,高雄市永安區,http://cmdweb.pcc.gov.tw/pccms/owa/guesmap.rnap4?iplscode=1216&iwebcod=&iuid=3T3F4C4C3N4E3Q4A
126,高雄市茄萣區,http://cmdweb.pcc.gov.tw/pccms/owa/guesmap.rnap4?iplscode=1215&iwebcod=&iuid=3T3F4C4C3N4E3Q4A
127,高雄市湖內區,http://cmdweb.pcc.gov.tw/pccms/owa/guesmap.rnap4?iplscode=1214&iwebcod=&iuid=3T3F4C4C3N4E3Q4A
128,高雄市路竹區,http://cmdweb.pcc.gov.tw/pccms/owa/guesmap.rnap4?iplscode=1213&iwebcod=&iuid=3T3F4C4C3N4E3Q4A
129,高雄市阿蓮區,http://cmdweb.pcc.gov.tw/pccms/owa/guesmap.rnap4?iplscode=1212&iwebcod=&iuid=3T3F4C4C3N4E3Q4A
130,高雄市田寮區,http://cmdweb.pcc.gov.tw/pccms/owa/guesmap.rnap4?iplscode=1211&iwebcod=&iuid=3T3F4C4C3N4E3Q4A
131,高雄市燕巢區,http://cmdweb.pcc.gov.tw/pccms/owa/guesmap.rnap4?iplscode=1210&iwebcod=&iuid=3T3F4C4C3N4E3Q4A
132,高雄市橋頭區,http://cmdweb.pcc.gov.tw/pccms/owa/guesmap.rnap4?iplscode=1209&iwebcod=&iuid=3T3F4C4C3N4E3Q4A
133,高雄市岡山區,http://cmdweb.pcc.gov.tw/pccms/owa/guesmap.rnap4?iplscode=1208&iwebcod=&iuid=3T3F4C4C3N4E3Q4A
134,高雄市鳥松區,http://cmdweb.pcc.gov.tw/pccms/owa/guesmap.rnap4?iplscode=1207&iwebcod=&iuid=3T3F4C4C3N4E3Q4A
135,高雄市仁武區,http://cmdweb.pcc.gov.tw/pccms/owa/guesmap.rnap4?iplscode=1206&iwebcod=&iuid=3T3F4C4C3N4E3Q4A
136,高雄市大社區,http://cmdweb.pcc.gov.tw/pccms/owa/guesmap.rnap4?iplscode=1205&iwebcod=&iuid=3T3F4C4C3N4E3Q4A
137,高雄市大樹區,http://cmdweb.pcc.gov.tw/pccms/owa/guesmap.rnap4?iplscode=1204&iwebcod=&iuid=3T3F4C4C3N4E3Q4A
138,高雄市大寮區,http://cmdweb.pcc.gov.tw/pccms/owa/guesmap.rnap4?iplscode=1203&iwebcod=&iuid=3T3F4C4C3N4E3Q4A
139,高雄市林園區,http://cmdweb.pcc.gov.tw/pccms/owa/guesmap.rnap4?iplscode=1202&iwebcod=&iuid=3T3F4C4C3N4E3Q4A
140,高雄市鳳山區,http://cmdweb.pcc.gov.tw/pccms/owa/guesmap.rnap4?iplscode=1201&iwebcod=&iuid=3T3F4C4C3N4E3Q4A
141,台南市安平區,http://cmdweb.pcc.gov.tw/pccms/owa/guesmap.rnap4?iplscode=1138&iwebcod=&iuid=3T3F4C4C3N4E3Q4A
142,台南市安南區,http://cmdweb.pcc.gov.tw/pccms/owa/guesmap.rnap4?iplscode=1137&iwebcod=&iuid=3T3F4C4C3N4E3Q4A
143,台南市北區,http://cmdweb.pcc.gov.tw/pccms/owa/guesmap.rnap4?iplscode=1135&iwebcod=&iuid=3T3F4C4C3N4E3Q4A
144,台南市中西區,http://cmdweb.pcc.gov.tw/pccms/owa/guesmap.rnap4?iplscode=1134&iwebcod=&iuid=3T3F4C4C3N4E3Q4A
145,台南市南區,http://cmdweb.pcc.gov.tw/pccms/owa/guesmap.rnap4?iplscode=1133&iwebcod=&iuid=3T3F4C4C3N4E3Q4A
146,台南市東區,http://cmdweb.pcc.gov.tw/pccms/owa/guesmap.rnap4?iplscode=1132&iwebcod=&iuid=3T3F4C4C3N4E3Q4A
147,台南市永康區,http://cmdweb.pcc.gov.tw/pccms/owa/guesmap.rnap4?iplscode=1131&iwebcod=&iuid=3T3F4C4C3N4E3Q4A
148,台南市龍崎區,http://cmdweb.pcc.gov.tw/pccms/owa/guesmap.rnap4?iplscode=1130&iwebcod=&iuid=3T3F4C4C3N4E3Q4A
149,台南市關廟區,http://cmdweb.pcc.gov.tw/pccms/owa/guesmap.rnap4?iplscode=1129&iwebcod=&iuid=3T3F4C4C3N4E3Q4A
150,台南市歸仁區,http://cmdweb.pcc.gov.tw/pccms/owa/guesmap.rnap4?iplscode=1128&iwebcod=&iuid=3T3F4C4C3N4E3Q4A
151,台南市仁德區,http://cmdweb.pcc.gov.tw/pccms/owa/guesmap.rnap4?iplscode=1127&iwebcod=&iuid=3T3F4C4C3N4E3Q4A
152,台南市左鎮區,http://cmdweb.pcc.gov.tw/pccms/owa/guesmap.rnap4?iplscode=1126&iwebcod=&iuid=3T3F4C4C3N4E3Q4A
153,台南市南化區,http://cmdweb.pcc.gov.tw/pccms/owa/guesmap.rnap4?iplscode=1125&iwebcod=&iuid=3T3F4C4C3N4E3Q4A
154,台南市楠西區,http://cmdweb.pcc.gov.tw/pccms/owa/guesmap.rnap4?iplscode=1124&iwebcod=&iuid=3T3F4C4C3N4E3Q4A
155,台南市玉井區,http://cmdweb.pcc.gov.tw/pccms/owa/guesmap.rnap4?iplscode=1123&iwebcod=&iuid=3T3F4C4C3N4E3Q4A
156,台南市山上區,http://cmdweb.pcc.gov.tw/pccms/owa/guesmap.rnap4?iplscode=1122&iwebcod=&iuid=3T3F4C4C3N4E3Q4A
157,台南市安定區,http://cmdweb.pcc.gov.tw/pccms/owa/guesmap.rnap4?iplscode=1121&iwebcod=&iuid=3T3F4C4C3N4E3Q4A
158,台南市新市區,http://cmdweb.pcc.gov.tw/pccms/owa/guesmap.rnap4?iplscode=1120&iwebcod=&iuid=3T3F4C4C3N4E3Q4A
159,台南市善化區,http://cmdweb.pcc.gov.tw/pccms/owa/guesmap.rnap4?iplscode=1119&iwebcod=&iuid=3T3F4C4C3N4E3Q4A
160,台南市新化區,http://cmdweb.pcc.gov.tw/pccms/owa/guesmap.rnap4?iplscode=1118&iwebcod=&iuid=3T3F4C4C3N4E3Q4A
161,台南市北門區,http://cmdweb.pcc.gov.tw/pccms/owa/guesmap.rnap4?iplscode=1117&iwebcod=&iuid=3T3F4C4C3N4E3Q4A
162,台南市將軍區,http://cmdweb.pcc.gov.tw/pccms/owa/guesmap.rnap4?iplscode=1116&iwebcod=&iuid=3T3F4C4C3N4E3Q4A
163,台南市七股區,http://cmdweb.pcc.gov.tw/pccms/owa/guesmap.rnap4?iplscode=1115&iwebcod=&iuid=3T3F4C4C3N4E3Q4A
164,台南市西港區,http://cmdweb.pcc.gov.tw/pccms/owa/guesmap.rnap4?iplscode=1114&iwebcod=&iuid=3T3F4C4C3N4E3Q4A
165,台南市學甲區,http://cmdweb.pcc.gov.tw/pccms/owa/guesmap.rnap4?iplscode=1113&iwebcod=&iuid=3T3F4C4C3N4E3Q4A
166,台南市佳里區,http://cmdweb.pcc.gov.tw/pccms/owa/guesmap.rnap4?iplscode=1112&iwebcod=&iuid=3T3F4C4C3N4E3Q4A
167,台南市大內區,http://cmdweb.pcc.gov.tw/pccms/owa/guesmap.rnap4?iplscode=1111&iwebcod=&iuid=3T3F4C4C3N4E3Q4A
168,台南市官田區,http://cmdweb.pcc.gov.tw/pccms/owa/guesmap.rnap4?iplscode=1110&iwebcod=&iuid=3T3F4C4C3N4E3Q4A
169,台南市六甲區,http://cmdweb.pcc.gov.tw/pccms/owa/guesmap.rnap4?iplscode=1109&iwebcod=&iuid=3T3F4C4C3N4E3Q4A
170,台南市下營區,http://cmdweb.pcc.gov.tw/pccms/owa/guesmap.rnap4?iplscode=1108&iwebcod=&iuid=3T3F4C4C3N4E3Q4A
171,台南市麻豆區,http://cmdweb.pcc.gov.tw/pccms/owa/guesmap.rnap4?iplscode=1107&iwebcod=&iuid=3T3F4C4C3N4E3Q4A
172,台南市東山區,http://cmdweb.pcc.gov.tw/pccms/owa/guesmap.rnap4?iplscode=1106&iwebcod=&iuid=3T3F4C4C3N4E3Q4A
173,台南市後壁區,http://cmdweb.pcc.gov.tw/pccms/owa/guesmap.rnap4?iplscode=1105&iwebcod=&iuid=3T3F4C4C3N4E3Q4A
174,台南市柳營區,http://cmdweb.pcc.gov.tw/pccms/owa/guesmap.rnap4?iplscode=1104&iwebcod=&iuid=3T3F4C4C3N4E3Q4A
175,台南市白河區,http://cmdweb.pcc.gov.tw/pccms/owa/guesmap.rnap4?iplscode=1103&iwebcod=&iuid=3T3F4C4C3N4E3Q4A
176,台南市鹽水區,http://cmdweb.pcc.gov.tw/pccms/owa/guesmap.rnap4?iplscode=1102&iwebcod=&iuid=3T3F4C4C3N4E3Q4A
177,台南市新營區,http://cmdweb.pcc.gov.tw/pccms/owa/guesmap.rnap4?iplscode=1101&iwebcod=&iuid=3T3F4C4C3N4E3Q4A
178,嘉義縣阿里山鄉,http://cmdweb.pcc.gov.tw/pccms/owa/guesmap.rnap4?iplscode=1018&iwebcod=&iuid=3T3F4C4C3N4E3Q4A
179,嘉義縣大埔鄉,http://cmdweb.pcc.gov.tw/pccms/owa/guesmap.rnap4?iplscode=1017&iwebcod=&iuid=3T3F4C4C3N4E3Q4A
180,嘉義縣番路鄉,http://cmdweb.pcc.gov.tw/pccms/owa/guesmap.rnap4?iplscode=1016&iwebcod=&iuid=3T3F4C4C3N4E3Q4A
181,嘉義縣梅山鄉,http://cmdweb.pcc.gov.tw/pccms/owa/guesmap.rnap4?iplscode=1015&iwebcod=&iuid=3T3F4C4C3N4E3Q4A
182,嘉義縣竹崎鄉,http://cmdweb.pcc.gov.tw/pccms/owa/guesmap.rnap4?iplscode=1014&iwebcod=&iuid=3T3F4C4C3N4E3Q4A
183,嘉義縣中埔鄉,http://cmdweb.pcc.gov.tw/pccms/owa/guesmap.rnap4?iplscode=1013&iwebcod=&iuid=3T3F4C4C3N4E3Q4A
184,嘉義縣水上鄉,http://cmdweb.pcc.gov.tw/pccms/owa/guesmap.rnap4?iplscode=1012&iwebcod=&iuid=3T3F4C4C3N4E3Q4A
185,嘉義縣鹿草鄉,http://cmdweb.pcc.gov.tw/pccms/owa/guesmap.rnap4?iplscode=1011&iwebcod=&iuid=3T3F4C4C3N4E3Q4A
186,嘉義縣義竹鄉,http://cmdweb.pcc.gov.tw/pccms/owa/guesmap.rnap4?iplscode=1010&iwebcod=&iuid=3T3F4C4C3N4E3Q4A
187,嘉義縣東石鄉,http://cmdweb.pcc.gov.tw/pccms/owa/guesmap.rnap4?iplscode=1009&iwebcod=&iuid=3T3F4C4C3N4E3Q4A
188,嘉義縣六腳鄉,http://cmdweb.pcc.gov.tw/pccms/owa/guesmap.rnap4?iplscode=1008&iwebcod=&iuid=3T3F4C4C3N4E3Q4A
189,嘉義縣新港鄉,http://cmdweb.pcc.gov.tw/pccms/owa/guesmap.rnap4?iplscode=1007&iwebcod=&iuid=3T3F4C4C3N4E3Q4A
190,嘉義縣溪口鄉,http://cmdweb.pcc.gov.tw/pccms/owa/guesmap.rnap4?iplscode=1006&iwebcod=&iuid=3T3F4C4C3N4E3Q4A
191,嘉義縣民雄鄉,http://cmdweb.pcc.gov.tw/pccms/owa/guesmap.rnap4?iplscode=1005&iwebcod=&iuid=3T3F4C4C3N4E3Q4A
192,嘉義縣大林鎮,http://cmdweb.pcc.gov.tw/pccms/owa/guesmap.rnap4?iplscode=1004&iwebcod=&iuid=3T3F4C4C3N4E3Q4A
193,嘉義縣布袋鎮,http://cmdweb.pcc.gov.tw/pccms/owa/guesmap.rnap4?iplscode=1003&iwebcod=&iuid=3T3F4C4C3N4E3Q4A
194,嘉義縣朴子市,http://cmdweb.pcc.gov.tw/pccms/owa/guesmap.rnap4?iplscode=1002&iwebcod=&iuid=3T3F4C4C3N4E3Q4A
195,嘉義縣太保市,http://cmdweb.pcc.gov.tw/pccms/owa/guesmap.rnap4?iplscode=1001&iwebcod=&iuid=3T3F4C4C3N4E3Q4A
196,雲林縣水林鄉,http://cmdweb.pcc.gov.tw/pccms/owa/guesmap.rnap4?iplscode=0920&iwebcod=&iuid=3T3F4C4C3N4E3Q4A
197,雲林縣四湖鄉,http://cmdweb.pcc.gov.tw/pccms/owa/guesmap.rnap4?iplscode=0919&iwebcod=&iuid=3T3F4C4C3N4E3Q4A
198,雲林縣口湖鄉,http://cmdweb.pcc.gov.tw/pccms/owa/guesmap.rnap4?iplscode=0918&iwebcod=&iuid=3T3F4C4C3N4E3Q4A
199,雲林縣元長鄉,http://cmdweb.pcc.gov.tw/pccms/owa/guesmap.rnap4?iplscode=0917&iwebcod=&iuid=3T3F4C4C3N4E3Q4A
200,雲林縣台西鄉,http://cmdweb.pcc.gov.tw/pccms/owa/guesmap.rnap4?iplscode=0916&iwebcod=&iuid=3T3F4C4C3N4E3Q4A
201,雲林縣褒忠鄉,http://cmdweb.pcc.gov.tw/pccms/owa/guesmap.rnap4?iplscode=0915&iwebcod=&iuid=3T3F4C4C3N4E3Q4A
202,雲林縣東勢鄉,http://cmdweb.pcc.gov.tw/pccms/owa/guesmap.rnap4?iplscode=0914&iwebcod=&iuid=3T3F4C4C3N4E3Q4A
203,雲林縣麥寮鄉,http://cmdweb.pcc.gov.tw/pccms/owa/guesmap.rnap4?iplscode=0913&iwebcod=&iuid=3T3F4C4C3N4E3Q4A
204,雲林縣崙背鄉,http://cmdweb.pcc.gov.tw/pccms/owa/guesmap.rnap4?iplscode=0912&iwebcod=&iuid=3T3F4C4C3N4E3Q4A
205,雲林縣二崙鄉,http://cmdweb.pcc.gov.tw/pccms/owa/guesmap.rnap4?iplscode=0911&iwebcod=&iuid=3T3F4C4C3N4E3Q4A
206,雲林縣林內鄉,http://cmdweb.pcc.gov.tw/pccms/owa/guesmap.rnap4?iplscode=0910&iwebcod=&iuid=3T3F4C4C3N4E3Q4A
207,雲林縣莿桐鄉,http://cmdweb.pcc.gov.tw/pccms/owa/guesmap.rnap4?iplscode=0909&iwebcod=&iuid=3T3F4C4C3N4E3Q4A
208,雲林縣大埤鄉,http://cmdweb.pcc.gov.tw/pccms/owa/guesmap.rnap4?iplscode=0908&iwebcod=&iuid=3T3F4C4C3N4E3Q4A
209,雲林縣古坑鄉,http://cmdweb.pcc.gov.tw/pccms/owa/guesmap.rnap4?iplscode=0907&iwebcod=&iuid=3T3F4C4C3N4E3Q4A
210,雲林縣北港鎮,http://cmdweb.pcc.gov.tw/pccms/owa/guesmap.rnap4?iplscode=0906&iwebcod=&iuid=3T3F4C4C3N4E3Q4A
211,雲林縣土庫鎮,http://cmdweb.pcc.gov.tw/pccms/owa/guesmap.rnap4?iplscode=0905&iwebcod=&iuid=3T3F4C4C3N4E3Q4A
212,雲林縣西螺鎮,http://cmdweb.pcc.gov.tw/pccms/owa/guesmap.rnap4?iplscode=0904&iwebcod=&iuid=3T3F4C4C3N4E3Q4A
213,雲林縣虎尾鎮,http://cmdweb.pcc.gov.tw/pccms/owa/guesmap.rnap4?iplscode=0903&iwebcod=&iuid=3T3F4C4C3N4E3Q4A
214,雲林縣斗南鎮,http://cmdweb.pcc.gov.tw/pccms/owa/guesmap.rnap4?iplscode=0902&iwebcod=&iuid=3T3F4C4C3N4E3Q4A
215,雲林縣斗六市,http://cmdweb.pcc.gov.tw/pccms/owa/guesmap.rnap4?iplscode=0901&iwebcod=&iuid=3T3F4C4C3N4E3Q4A
216,南投縣仁愛鄉,http://cmdweb.pcc.gov.tw/pccms/owa/guesmap.rnap4?iplscode=0813&iwebcod=&iuid=3T3F4C4C3N4E3Q4A
217,南投縣信義鄉,http://cmdweb.pcc.gov.tw/pccms/owa/guesmap.rnap4?iplscode=0812&iwebcod=&iuid=3T3F4C4C3N4E3Q4A
218,南投縣水里鄉,http://cmdweb.pcc.gov.tw/pccms/owa/guesmap.rnap4?iplscode=0811&iwebcod=&iuid=3T3F4C4C3N4E3Q4A
219,南投縣國姓鄉,http://cmdweb.pcc.gov.tw/pccms/owa/guesmap.rnap4?iplscode=0810&iwebcod=&iuid=3T3F4C4C3N4E3Q4A
220,南投縣魚池鄉,http://cmdweb.pcc.gov.tw/pccms/owa/guesmap.rnap4?iplscode=0809&iwebcod=&iuid=3T3F4C4C3N4E3Q4A
221,南投縣中寮鄉,http://cmdweb.pcc.gov.tw/pccms/owa/guesmap.rnap4?iplscode=0808&iwebcod=&iuid=3T3F4C4C3N4E3Q4A
222,南投縣鹿谷鄉,http://cmdweb.pcc.gov.tw/pccms/owa/guesmap.rnap4?iplscode=0807&iwebcod=&iuid=3T3F4C4C3N4E3Q4A
223,南投縣名間鄉,http://cmdweb.pcc.gov.tw/pccms/owa/guesmap.rnap4?iplscode=0806&iwebcod=&iuid=3T3F4C4C3N4E3Q4A
224,南投縣集集鎮,http://cmdweb.pcc.gov.tw/pccms/owa/guesmap.rnap4?iplscode=0805&iwebcod=&iuid=3T3F4C4C3N4E3Q4A
225,南投縣竹山鎮,http://cmdweb.pcc.gov.tw/pccms/owa/guesmap.rnap4?iplscode=0804&iwebcod=&iuid=3T3F4C4C3N4E3Q4A
226,南投縣草屯鎮,http://cmdweb.pcc.gov.tw/pccms/owa/guesmap.rnap4?iplscode=0803&iwebcod=&iuid=3T3F4C4C3N4E3Q4A
227,南投縣埔里鎮,http://cmdweb.pcc.gov.tw/pccms/owa/guesmap.rnap4?iplscode=0802&iwebcod=&iuid=3T3F4C4C3N4E3Q4A
228,南投縣南投市,http://cmdweb.pcc.gov.tw/pccms/owa/guesmap.rnap4?iplscode=0801&iwebcod=&iuid=3T3F4C4C3N4E3Q4A
229,彰化縣溪州鄉,http://cmdweb.pcc.gov.tw/pccms/owa/guesmap.rnap4?iplscode=0726&iwebcod=&iuid=3T3F4C4C3N4E3Q4A
230,彰化縣竹塘鄉,http://cmdweb.pcc.gov.tw/pccms/owa/guesmap.rnap4?iplscode=0725&iwebcod=&iuid=3T3F4C4C3N4E3Q4A
231,彰化縣大城鄉,http://cmdweb.pcc.gov.tw/pccms/owa/guesmap.rnap4?iplscode=0724&iwebcod=&iuid=3T3F4C4C3N4E3Q4A
232,彰化縣芳苑鄉,http://cmdweb.pcc.gov.tw/pccms/owa/guesmap.rnap4?iplscode=0723&iwebcod=&iuid=3T3F4C4C3N4E3Q4A
233,彰化縣埤頭鄉,http://cmdweb.pcc.gov.tw/pccms/owa/guesmap.rnap4?iplscode=0722&iwebcod=&iuid=3T3F4C4C3N4E3Q4A
234,彰化縣田尾鄉,http://cmdweb.pcc.gov.tw/pccms/owa/guesmap.rnap4?iplscode=0721&iwebcod=&iuid=3T3F4C4C3N4E3Q4A
235,彰化縣二林鎮,http://cmdweb.pcc.gov.tw/pccms/owa/guesmap.rnap4?iplscode=0720&iwebcod=&iuid=3T3F4C4C3N4E3Q4A
236,彰化縣北斗鎮,http://cmdweb.pcc.gov.tw/pccms/owa/guesmap.rnap4?iplscode=0719&iwebcod=&iuid=3T3F4C4C3N4E3Q4A
237,彰化縣二水鄉,http://cmdweb.pcc.gov.tw/pccms/owa/guesmap.rnap4?iplscode=0718&iwebcod=&iuid=3T3F4C4C3N4E3Q4A
238,彰化縣社頭鄉,http://cmdweb.pcc.gov.tw/pccms/owa/guesmap.rnap4?iplscode=0717&iwebcod=&iuid=3T3F4C4C3N4E3Q4A
239,彰化縣永靖鄉,http://cmdweb.pcc.gov.tw/pccms/owa/guesmap.rnap4?iplscode=0716&iwebcod=&iuid=3T3F4C4C3N4E3Q4A
240,彰化縣埔心鄉,http://cmdweb.pcc.gov.tw/pccms/owa/guesmap.rnap4?iplscode=0715&iwebcod=&iuid=3T3F4C4C3N4E3Q4A
241,彰化縣埔鹽鄉,http://cmdweb.pcc.gov.tw/pccms/owa/guesmap.rnap4?iplscode=0714&iwebcod=&iuid=3T3F4C4C3N4E3Q4A
242,彰化縣大村鄉,http://cmdweb.pcc.gov.tw/pccms/owa/guesmap.rnap4?iplscode=0713&iwebcod=&iuid=3T3F4C4C3N4E3Q4A
243,彰化縣田中鎮,http://cmdweb.pcc.gov.tw/pccms/owa/guesmap.rnap4?iplscode=0712&iwebcod=&iuid=3T3F4C4C3N4E3Q4A
244,彰化縣溪湖鎮,http://cmdweb.pcc.gov.tw/pccms/owa/guesmap.rnap4?iplscode=0711&iwebcod=&iuid=3T3F4C4C3N4E3Q4A
245,彰化縣員林鎮,http://cmdweb.pcc.gov.tw/pccms/owa/guesmap.rnap4?iplscode=0710&iwebcod=&iuid=3T3F4C4C3N4E3Q4A
246,彰化縣芬園鄉,http://cmdweb.pcc.gov.tw/pccms/owa/guesmap.rnap4?iplscode=0709&iwebcod=&iuid=3T3F4C4C3N4E3Q4A
247,彰化縣花壇鄉,http://cmdweb.pcc.gov.tw/pccms/owa/guesmap.rnap4?iplscode=0708&iwebcod=&iuid=3T3F4C4C3N4E3Q4A
248,彰化縣秀水鄉,http://cmdweb.pcc.gov.tw/pccms/owa/guesmap.rnap4?iplscode=0707&iwebcod=&iuid=3T3F4C4C3N4E3Q4A
249,彰化縣福興鄉,http://cmdweb.pcc.gov.tw/pccms/owa/guesmap.rnap4?iplscode=0706&iwebcod=&iuid=3T3F4C4C3N4E3Q4A
250,彰化縣伸港鄉,http://cmdweb.pcc.gov.tw/pccms/owa/guesmap.rnap4?iplscode=0705&iwebcod=&iuid=3T3F4C4C3N4E3Q4A
251,彰化縣線西鄉,http://cmdweb.pcc.gov.tw/pccms/owa/guesmap.rnap4?iplscode=0704&iwebcod=&iuid=3T3F4C4C3N4E3Q4A
252,彰化縣和美鎮,http://cmdweb.pcc.gov.tw/pccms/owa/guesmap.rnap4?iplscode=0703&iwebcod=&iuid=3T3F4C4C3N4E3Q4A
253,彰化縣鹿港鎮,http://cmdweb.pcc.gov.tw/pccms/owa/guesmap.rnap4?iplscode=0702&iwebcod=&iuid=3T3F4C4C3N4E3Q4A
254,彰化縣彰化市,http://cmdweb.pcc.gov.tw/pccms/owa/guesmap.rnap4?iplscode=0701&iwebcod=&iuid=3T3F4C4C3N4E3Q4A
255,台中市北屯區,http://cmdweb.pcc.gov.tw/pccms/owa/guesmap.rnap4?iplscode=0629&iwebcod=&iuid=3T3F4C4C3N4E3Q4A
256,台中市南屯區,http://cmdweb.pcc.gov.tw/pccms/owa/guesmap.rnap4?iplscode=0628&iwebcod=&iuid=3T3F4C4C3N4E3Q4A
257,台中市西屯區,http://cmdweb.pcc.gov.tw/pccms/owa/guesmap.rnap4?iplscode=0627&iwebcod=&iuid=3T3F4C4C3N4E3Q4A
258,台中市北區,http://cmdweb.pcc.gov.tw/pccms/owa/guesmap.rnap4?iplscode=0626&iwebcod=&iuid=3T3F4C4C3N4E3Q4A
259,台中市西區,http://cmdweb.pcc.gov.tw/pccms/owa/guesmap.rnap4?iplscode=0625&iwebcod=&iuid=3T3F4C4C3N4E3Q4A
260,台中市南區,http://cmdweb.pcc.gov.tw/pccms/owa/guesmap.rnap4?iplscode=0624&iwebcod=&iuid=3T3F4C4C3N4E3Q4A
261,台中市東區,http://cmdweb.pcc.gov.tw/pccms/owa/guesmap.rnap4?iplscode=0623&iwebcod=&iuid=3T3F4C4C3N4E3Q4A
262,台中市中區,http://cmdweb.pcc.gov.tw/pccms/owa/guesmap.rnap4?iplscode=0622&iwebcod=&iuid=3T3F4C4C3N4E3Q4A
263,台中市和平區,http://cmdweb.pcc.gov.tw/pccms/owa/guesmap.rnap4?iplscode=0621&iwebcod=&iuid=3T3F4C4C3N4E3Q4A
264,台中市大里區,http://cmdweb.pcc.gov.tw/pccms/owa/guesmap.rnap4?iplscode=0620&iwebcod=&iuid=3T3F4C4C3N4E3Q4A
265,台中市太平區,http://cmdweb.pcc.gov.tw/pccms/owa/guesmap.rnap4?iplscode=0619&iwebcod=&iuid=3T3F4C4C3N4E3Q4A
266,台中市霧峰區,http://cmdweb.pcc.gov.tw/pccms/owa/guesmap.rnap4?iplscode=0618&iwebcod=&iuid=3T3F4C4C3N4E3Q4A
267,台中市龍井區,http://cmdweb.pcc.gov.tw/pccms/owa/guesmap.rnap4?iplscode=0617&iwebcod=&iuid=3T3F4C4C3N4E3Q4A
268,台中市大肚區,http://cmdweb.pcc.gov.tw/pccms/owa/guesmap.rnap4?iplscode=0616&iwebcod=&iuid=3T3F4C4C3N4E3Q4A
269,台中市烏日區,http://cmdweb.pcc.gov.tw/pccms/owa/guesmap.rnap4?iplscode=0615&iwebcod=&iuid=3T3F4C4C3N4E3Q4A
270,台中市大安區,http://cmdweb.pcc.gov.tw/pccms/owa/guesmap.rnap4?iplscode=0614&iwebcod=&iuid=3T3F4C4C3N4E3Q4A
271,台中市外埔區,http://cmdweb.pcc.gov.tw/pccms/owa/guesmap.rnap4?iplscode=0613&iwebcod=&iuid=3T3F4C4C3N4E3Q4A
272,台中市石岡區,http://cmdweb.pcc.gov.tw/pccms/owa/guesmap.rnap4?iplscode=0612&iwebcod=&iuid=3T3F4C4C3N4E3Q4A
273,台中市新社區,http://cmdweb.pcc.gov.tw/pccms/owa/guesmap.rnap4?iplscode=0611&iwebcod=&iuid=3T3F4C4C3N4E3Q4A
274,台中市大甲區,http://cmdweb.pcc.gov.tw/pccms/owa/guesmap.rnap4?iplscode=0610&iwebcod=&iuid=3T3F4C4C3N4E3Q4A
275,台中市大雅區,http://cmdweb.pcc.gov.tw/pccms/owa/guesmap.rnap4?iplscode=0609&iwebcod=&iuid=3T3F4C4C3N4E3Q4A
276,台中市潭子區,http://cmdweb.pcc.gov.tw/pccms/owa/guesmap.rnap4?iplscode=0608&iwebcod=&iuid=3T3F4C4C3N4E3Q4A
277,台中市神岡區,http://cmdweb.pcc.gov.tw/pccms/owa/guesmap.rnap4?iplscode=0607&iwebcod=&iuid=3T3F4C4C3N4E3Q4A
278,台中市后里區,http://cmdweb.pcc.gov.tw/pccms/owa/guesmap.rnap4?iplscode=0606&iwebcod=&iuid=3T3F4C4C3N4E3Q4A
279,台中市梧棲區,http://cmdweb.pcc.gov.tw/pccms/owa/guesmap.rnap4?iplscode=0605&iwebcod=&iuid=3T3F4C4C3N4E3Q4A
280,台中市沙鹿區,http://cmdweb.pcc.gov.tw/pccms/owa/guesmap.rnap4?iplscode=0604&iwebcod=&iuid=3T3F4C4C3N4E3Q4A
281,台中市清水區,http://cmdweb.pcc.gov.tw/pccms/owa/guesmap.rnap4?iplscode=0603&iwebcod=&iuid=3T3F4C4C3N4E3Q4A
282,台中市東勢區,http://cmdweb.pcc.gov.tw/pccms/owa/guesmap.rnap4?iplscode=0602&iwebcod=&iuid=3T3F4C4C3N4E3Q4A
283,台中市豐原區,http://cmdweb.pcc.gov.tw/pccms/owa/guesmap.rnap4?iplscode=0601&iwebcod=&iuid=3T3F4C4C3N4E3Q4A
284,苗栗縣泰安鄉,http://cmdweb.pcc.gov.tw/pccms/owa/guesmap.rnap4?iplscode=0518&iwebcod=&iuid=3T3F4C4C3N4E3Q4A
285,苗栗縣獅潭鄉,http://cmdweb.pcc.gov.tw/pccms/owa/guesmap.rnap4?iplscode=0517&iwebcod=&iuid=3T3F4C4C3N4E3Q4A
286,苗栗縣三灣鄉,http://cmdweb.pcc.gov.tw/pccms/owa/guesmap.rnap4?iplscode=0516&iwebcod=&iuid=3T3F4C4C3N4E3Q4A
287,苗栗縣造橋鄉,http://cmdweb.pcc.gov.tw/pccms/owa/guesmap.rnap4?iplscode=0515&iwebcod=&iuid=3T3F4C4C3N4E3Q4A
288,苗栗縣西湖鄉,http://cmdweb.pcc.gov.tw/pccms/owa/guesmap.rnap4?iplscode=0514&iwebcod=&iuid=3T3F4C4C3N4E3Q4A
289,苗栗縣三義鄉,http://cmdweb.pcc.gov.tw/pccms/owa/guesmap.rnap4?iplscode=0513&iwebcod=&iuid=3T3F4C4C3N4E3Q4A
290,苗栗縣頭屋鄉,http://cmdweb.pcc.gov.tw/pccms/owa/guesmap.rnap4?iplscode=0512&iwebcod=&iuid=3T3F4C4C3N4E3Q4A
291,苗栗縣南庄鄉,http://cmdweb.pcc.gov.tw/pccms/owa/guesmap.rnap4?iplscode=0511&iwebcod=&iuid=3T3F4C4C3N4E3Q4A
292,苗栗縣銅鑼鄉,http://cmdweb.pcc.gov.tw/pccms/owa/guesmap.rnap4?iplscode=0510&iwebcod=&iuid=3T3F4C4C3N4E3Q4A
293,苗栗縣公館鄉,http://cmdweb.pcc.gov.tw/pccms/owa/guesmap.rnap4?iplscode=0509&iwebcod=&iuid=3T3F4C4C3N4E3Q4A
294,苗栗縣大湖鄉,http://cmdweb.pcc.gov.tw/pccms/owa/guesmap.rnap4?iplscode=0508&iwebcod=&iuid=3T3F4C4C3N4E3Q4A
295,苗栗縣卓蘭鎮,http://cmdweb.pcc.gov.tw/pccms/owa/guesmap.rnap4?iplscode=0507&iwebcod=&iuid=3T3F4C4C3N4E3Q4A
296,苗栗縣後龍鎮,http://cmdweb.pcc.gov.tw/pccms/owa/guesmap.rnap4?iplscode=0506&iwebcod=&iuid=3T3F4C4C3N4E3Q4A
297,苗栗縣頭份鎮,http://cmdweb.pcc.gov.tw/pccms/owa/guesmap.rnap4?iplscode=0505&iwebcod=&iuid=3T3F4C4C3N4E3Q4A
298,苗栗縣竹南鎮,http://cmdweb.pcc.gov.tw/pccms/owa/guesmap.rnap4?iplscode=0504&iwebcod=&iuid=3T3F4C4C3N4E3Q4A
299,苗栗縣通霄鎮,http://cmdweb.pcc.gov.tw/pccms/owa/guesmap.rnap4?iplscode=0503&iwebcod=&iuid=3T3F4C4C3N4E3Q4A
300,苗栗縣苑裡鎮,http://cmdweb.pcc.gov.tw/pccms/owa/guesmap.rnap4?iplscode=0502&iwebcod=&iuid=3T3F4C4C3N4E3Q4A
301,苗栗縣苗栗市,http://cmdweb.pcc.gov.tw/pccms/owa/guesmap.rnap4?iplscode=0501&iwebcod=&iuid=3T3F4C4C3N4E3Q4A
302,新竹縣五峰鄉,http://cmdweb.pcc.gov.tw/pccms/owa/guesmap.rnap4?iplscode=0413&iwebcod=&iuid=3T3F4C4C3N4E3Q4A
303,新竹縣尖石鄉,http://cmdweb.pcc.gov.tw/pccms/owa/guesmap.rnap4?iplscode=0412&iwebcod=&iuid=3T3F4C4C3N4E3Q4A
304,新竹縣峨眉鄉,http://cmdweb.pcc.gov.tw/pccms/owa/guesmap.rnap4?iplscode=0411&iwebcod=&iuid=3T3F4C4C3N4E3Q4A
305,新竹縣寶山鄉,http://cmdweb.pcc.gov.tw/pccms/owa/guesmap.rnap4?iplscode=0410&iwebcod=&iuid=3T3F4C4C3N4E3Q4A
306,新竹縣北埔鄉,http://cmdweb.pcc.gov.tw/pccms/owa/guesmap.rnap4?iplscode=0409&iwebcod=&iuid=3T3F4C4C3N4E3Q4A
307,新竹縣橫山鄉,http://cmdweb.pcc.gov.tw/pccms/owa/guesmap.rnap4?iplscode=0408&iwebcod=&iuid=3T3F4C4C3N4E3Q4A
308,新竹縣芎林鄉,http://cmdweb.pcc.gov.tw/pccms/owa/guesmap.rnap4?iplscode=0407&iwebcod=&iuid=3T3F4C4C3N4E3Q4A
309,新竹縣新豐鄉,http://cmdweb.pcc.gov.tw/pccms/owa/guesmap.rnap4?iplscode=0406&iwebcod=&iuid=3T3F4C4C3N4E3Q4A
310,新竹縣湖口鄉,http://cmdweb.pcc.gov.tw/pccms/owa/guesmap.rnap4?iplscode=0405&iwebcod=&iuid=3T3F4C4C3N4E3Q4A
311,新竹縣關西鎮,http://cmdweb.pcc.gov.tw/pccms/owa/guesmap.rnap4?iplscode=0404&iwebcod=&iuid=3T3F4C4C3N4E3Q4A
312,新竹縣新埔鎮,http://cmdweb.pcc.gov.tw/pccms/owa/guesmap.rnap4?iplscode=0403&iwebcod=&iuid=3T3F4C4C3N4E3Q4A
313,新竹縣竹東鎮,http://cmdweb.pcc.gov.tw/pccms/owa/guesmap.rnap4?iplscode=0402&iwebcod=&iuid=3T3F4C4C3N4E3Q4A
314,新竹縣竹北市,http://cmdweb.pcc.gov.tw/pccms/owa/guesmap.rnap4?iplscode=0401&iwebcod=&iuid=3T3F4C4C3N4E3Q4A
315,桃園市復興區,http://cmdweb.pcc.gov.tw/pccms/owa/guesmap.rnap4?iplscode=0313&iwebcod=&iuid=3T3F4C4C3N4E3Q4A
316,桃園市觀音區,http://cmdweb.pcc.gov.tw/pccms/owa/guesmap.rnap4?iplscode=0312&iwebcod=&iuid=3T3F4C4C3N4E3Q4A
317,桃園市新屋區,http://cmdweb.pcc.gov.tw/pccms/owa/guesmap.rnap4?iplscode=0311&iwebcod=&iuid=3T3F4C4C3N4E3Q4A
318,桃園市平鎮區,http://cmdweb.pcc.gov.tw/pccms/owa/guesmap.rnap4?iplscode=0310&iwebcod=&iuid=3T3F4C4C3N4E3Q4A
319,桃園市龍潭區,http://cmdweb.pcc.gov.tw/pccms/owa/guesmap.rnap4?iplscode=0309&iwebcod=&iuid=3T3F4C4C3N4E3Q4A
320,桃園市八德區,http://cmdweb.pcc.gov.tw/pccms/owa/guesmap.rnap4?iplscode=0308&iwebcod=&iuid=3T3F4C4C3N4E3Q4A
321,桃園市龜山區,http://cmdweb.pcc.gov.tw/pccms/owa/guesmap.rnap4?iplscode=0307&iwebcod=&iuid=3T3F4C4C3N4E3Q4A
322,桃園市大園區 ,http://cmdweb.pcc.gov.tw/pccms/owa/guesmap.rnap4?iplscode=0306&iwebcod=&iuid=3T3F4C4C3N4E3Q4A
323,桃園市蘆竹區,http://cmdweb.pcc.gov.tw/pccms/owa/guesmap.rnap4?iplscode=0305&iwebcod=&iuid=3T3F4C4C3N4E3Q4A
324,桃園市楊梅區,http://cmdweb.pcc.gov.tw/pccms/owa/guesmap.rnap4?iplscode=0304&iwebcod=&iuid=3T3F4C4C3N4E3Q4A
325,桃園市大溪區,http://cmdweb.pcc.gov.tw/pccms/owa/guesmap.rnap4?iplscode=0303&iwebcod=&iuid=3T3F4C4C3N4E3Q4A
326,桃園市中壢區,http://cmdweb.pcc.gov.tw/pccms/owa/guesmap.rnap4?iplscode=0302&iwebcod=&iuid=3T3F4C4C3N4E3Q4A
327,桃園市桃園區,http://cmdweb.pcc.gov.tw/pccms/owa/guesmap.rnap4?iplscode=0301&iwebcod=&iuid=3T3F4C4C3N4E3Q4A
328,宜蘭縣南澳鄉,http://cmdweb.pcc.gov.tw/pccms/owa/guesmap.rnap4?iplscode=0212&iwebcod=&iuid=3T3F4C4C3N4E3Q4A
329,宜蘭縣大同鄉,http://cmdweb.pcc.gov.tw/pccms/owa/guesmap.rnap4?iplscode=0211&iwebcod=&iuid=3T3F4C4C3N4E3Q4A
330,宜蘭縣三星鄉,http://cmdweb.pcc.gov.tw/pccms/owa/guesmap.rnap4?iplscode=0210&iwebcod=&iuid=3T3F4C4C3N4E3Q4A
331,宜蘭縣五結鄉,http://cmdweb.pcc.gov.tw/pccms/owa/guesmap.rnap4?iplscode=0209&iwebcod=&iuid=3T3F4C4C3N4E3Q4A
332,宜蘭縣冬山鄉,http://cmdweb.pcc.gov.tw/pccms/owa/guesmap.rnap4?iplscode=0208&iwebcod=&iuid=3T3F4C4C3N4E3Q4A
333,宜蘭縣員山鄉,http://cmdweb.pcc.gov.tw/pccms/owa/guesmap.rnap4?iplscode=0207&iwebcod=&iuid=3T3F4C4C3N4E3Q4A
334,宜蘭縣壯圍鄉,http://cmdweb.pcc.gov.tw/pccms/owa/guesmap.rnap4?iplscode=0206&iwebcod=&iuid=3T3F4C4C3N4E3Q4A
335,宜蘭縣礁溪鄉,http://cmdweb.pcc.gov.tw/pccms/owa/guesmap.rnap4?iplscode=0205&iwebcod=&iuid=3T3F4C4C3N4E3Q4A
336,宜蘭縣頭城鎮,http://cmdweb.pcc.gov.tw/pccms/owa/guesmap.rnap4?iplscode=0204&iwebcod=&iuid=3T3F4C4C3N4E3Q4A
337,宜蘭縣蘇澳鎮,http://cmdweb.pcc.gov.tw/pccms/owa/guesmap.rnap4?iplscode=0203&iwebcod=&iuid=3T3F4C4C3N4E3Q4A
338,宜蘭縣羅東鎮,http://cmdweb.pcc.gov.tw/pccms/owa/guesmap.rnap4?iplscode=0202&iwebcod=&iuid=3T3F4C4C3N4E3Q4A
339,宜蘭縣宜蘭市,http://cmdweb.pcc.gov.tw/pccms/owa/guesmap.rnap4?iplscode=0201&iwebcod=&iuid=3T3F4C4C3N4E3Q4A
340,新北市烏來區,http://cmdweb.pcc.gov.tw/pccms/owa/guesmap.rnap4?iplscode=0129&iwebcod=&iuid=3T3F4C4C3N4E3Q4A
341,新北市萬里區,http://cmdweb.pcc.gov.tw/pccms/owa/guesmap.rnap4?iplscode=0128&iwebcod=&iuid=3T3F4C4C3N4E3Q4A
342,新北市金山區,http://cmdweb.pcc.gov.tw/pccms/owa/guesmap.rnap4?iplscode=0127&iwebcod=&iuid=3T3F4C4C3N4E3Q4A
343,新北市貢寮區,http://cmdweb.pcc.gov.tw/pccms/owa/guesmap.rnap4?iplscode=0126&iwebcod=&iuid=3T3F4C4C3N4E3Q4A
344,新北市雙溪區,http://cmdweb.pcc.gov.tw/pccms/owa/guesmap.rnap4?iplscode=0125&iwebcod=&iuid=3T3F4C4C3N4E3Q4A
345,新北市平溪區,http://cmdweb.pcc.gov.tw/pccms/owa/guesmap.rnap4?iplscode=0124&iwebcod=&iuid=3T3F4C4C3N4E3Q4A
346,新北市八里區,http://cmdweb.pcc.gov.tw/pccms/owa/guesmap.rnap4?iplscode=0123&iwebcod=&iuid=3T3F4C4C3N4E3Q4A
347,新北市石門區,http://cmdweb.pcc.gov.tw/pccms/owa/guesmap.rnap4?iplscode=0122&iwebcod=&iuid=3T3F4C4C3N4E3Q4A
348,新北市三芝區,http://cmdweb.pcc.gov.tw/pccms/owa/guesmap.rnap4?iplscode=0121&iwebcod=&iuid=3T3F4C4C3N4E3Q4A
349,新北市坪林區,http://cmdweb.pcc.gov.tw/pccms/owa/guesmap.rnap4?iplscode=0120&iwebcod=&iuid=3T3F4C4C3N4E3Q4A
350,新北市石碇區,http://cmdweb.pcc.gov.tw/pccms/owa/guesmap.rnap4?iplscode=0119&iwebcod=&iuid=3T3F4C4C3N4E3Q4A
351,新北市深坑區,http://cmdweb.pcc.gov.tw/pccms/owa/guesmap.rnap4?iplscode=0118&iwebcod=&iuid=3T3F4C4C3N4E3Q4A
352,新北市林口區,http://cmdweb.pcc.gov.tw/pccms/owa/guesmap.rnap4?iplscode=0117&iwebcod=&iuid=3T3F4C4C3N4E3Q4A
353,新北市泰山區,http://cmdweb.pcc.gov.tw/pccms/owa/guesmap.rnap4?iplscode=0116&iwebcod=&iuid=3T3F4C4C3N4E3Q4A
354,新北市五股區,http://cmdweb.pcc.gov.tw/pccms/owa/guesmap.rnap4?iplscode=0115&iwebcod=&iuid=3T3F4C4C3N4E3Q4A
355,新北市蘆洲區,http://cmdweb.pcc.gov.tw/pccms/owa/guesmap.rnap4?iplscode=0114&iwebcod=&iuid=3T3F4C4C3N4E3Q4A
356,新北市土城區,http://cmdweb.pcc.gov.tw/pccms/owa/guesmap.rnap4?iplscode=0113&iwebcod=&iuid=3T3F4C4C3N4E3Q4A
357,新北市瑞芳區,http://cmdweb.pcc.gov.tw/pccms/owa/guesmap.rnap4?iplscode=0112&iwebcod=&iuid=3T3F4C4C3N4E3Q4A
358,新北市汐止區,http://cmdweb.pcc.gov.tw/pccms/owa/guesmap.rnap4?iplscode=0111&iwebcod=&iuid=3T3F4C4C3N4E3Q4A
359,新北市淡水區,http://cmdweb.pcc.gov.tw/pccms/owa/guesmap.rnap4?iplscode=0110&iwebcod=&iuid=3T3F4C4C3N4E3Q4A
360,新北市三峽區,http://cmdweb.pcc.gov.tw/pccms/owa/guesmap.rnap4?iplscode=0109&iwebcod=&iuid=3T3F4C4C3N4E3Q4A
361,新北市鶯歌區,http://cmdweb.pcc.gov.tw/pccms/owa/guesmap.rnap4?iplscode=0108&iwebcod=&iuid=3T3F4C4C3N4E3Q4A
362,新北市樹林區,http://cmdweb.pcc.gov.tw/pccms/owa/guesmap.rnap4?iplscode=0107&iwebcod=&iuid=3T3F4C4C3N4E3Q4A
363,新北市新店區,http://cmdweb.pcc.gov.tw/pccms/owa/guesmap.rnap4?iplscode=0106&iwebcod=&iuid=3T3F4C4C3N4E3Q4A
364,新北市新莊區,http://cmdweb.pcc.gov.tw/pccms/owa/guesmap.rnap4?iplscode=0105&iwebcod=&iuid=3T3F4C4C3N4E3Q4A
365,新北市永和區,http://cmdweb.pcc.gov.tw/pccms/owa/guesmap.rnap4?iplscode=0104&iwebcod=&iuid=3T3F4C4C3N4E3Q4A
366,新北市中和區,http://cmdweb.pcc.gov.tw/pccms/owa/guesmap.rnap4?iplscode=0103&iwebcod=&iuid=3T3F4C4C3N4E3Q4A
367,新北市三重區,http://cmdweb.pcc.gov.tw/pccms/owa/guesmap.rnap4?iplscode=0102&iwebcod=&iuid=3T3F4C4C3N4E3Q4A
368,新北市板橋區,http://cmdweb.pcc.gov.tw/pccms/owa/guesmap.rnap4?iplscode=0101&iwebcod=&iuid=3T3F4C4C3N4E3Q4A
369,台灣,http://cmdweb.pcc.gov.tw/pccms/owa/guesmap.rnap4?iplscode=9900&iwebcod=&iuid=3T3F4C4C3N4E3Q4A
370,東部,http://cmdweb.pcc.gov.tw/pccms/owa/guesmap.rnap4?iplscode=9800&iwebcod=&iuid=3T3F4C4C3N4E3Q4A
371,南部,http://cmdweb.pcc.gov.tw/pccms/owa/guesmap.rnap4?iplscode=9700&iwebcod=&iuid=3T3F4C4C3N4E3Q4A
372,中部,http://cmdweb.pcc.gov.tw/pccms/owa/guesmap.rnap4?iplscode=9600&iwebcod=&iuid=3T3F4C4C3N4E3Q4A
373,北部,http://cmdweb.pcc.gov.tw/pccms/owa/guesmap.rnap4?iplscode=9500&iwebcod=&iuid=3T3F4C4C3N4E3Q4A
374,西部,http://cmdweb.pcc.gov.tw/pccms/owa/guesmap.rnap4?iplscode=9400&iwebcod=&iuid=3T3F4C4C3N4E3Q4A
375,金門,http://cmdweb.pcc.gov.tw/pccms/owa/guesmap.rnap4?iplscode=7200&iwebcod=&iuid=3T3F4C4C3N4E3Q4A
376,連江,http://cmdweb.pcc.gov.tw/pccms/owa/guesmap.rnap4?iplscode=7100&iwebcod=&iuid=3T3F4C4C3N4E3Q4A
377,台北,http://cmdweb.pcc.gov.tw/pccms/owa/guesmap.rnap4?iplscode=6300&iwebcod=&iuid=3T3F4C4C3N4E3Q4A
378,嘉義,http://cmdweb.pcc.gov.tw/pccms/owa/guesmap.rnap4?iplscode=2000&iwebcod=&iuid=3T3F4C4C3N4E3Q4A
379,新竹,http://cmdweb.pcc.gov.tw/pccms/owa/guesmap.rnap4?iplscode=1800&iwebcod=&iuid=3T3F4C4C3N4E3Q4A
380,基隆,http://cmdweb.pcc.gov.tw/pccms/owa/guesmap.rnap4?iplscode=1700&iwebcod=&iuid=3T3F4C4C3N4E3Q4A
381,澎湖,http://cmdweb.pcc.gov.tw/pccms/owa/guesmap.rnap4?iplscode=1600&iwebcod=&iuid=3T3F4C4C3N4E3Q4A
382,花蓮,http://cmdweb.pcc.gov.tw/pccms/owa/guesmap.rnap4?iplscode=1500&iwebcod=&iuid=3T3F4C4C3N4E3Q4A
383,台東,http://cmdweb.pcc.gov.tw/pccms/owa/guesmap.rnap4?iplscode=1400&iwebcod=&iuid=3T3F4C4C3N4E3Q4A
384,屏東,http://cmdweb.pcc.gov.tw/pccms/owa/guesmap.rnap4?iplscode=1300&iwebcod=&iuid=3T3F4C4C3N4E3Q4A
385,高雄,http://cmdweb.pcc.gov.tw/pccms/owa/guesmap.rnap4?iplscode=1200&iwebcod=&iuid=3T3F4C4C3N4E3Q4A
386,台南,http://cmdweb.pcc.gov.tw/pccms/owa/guesmap.rnap4?iplscode=1100&iwebcod=&iuid=3T3F4C4C3N4E3Q4A
387,嘉義,http://cmdweb.pcc.gov.tw/pccms/owa/guesmap.rnap4?iplscode=1000&iwebcod=&iuid=3T3F4C4C3N4E3Q4A
388,雲林,http://cmdweb.pcc.gov.tw/pccms/owa/guesmap.rnap4?iplscode=0900&iwebcod=&iuid=3T3F4C4C3N4E3Q4A
389,南投,http://cmdweb.pcc.gov.tw/pccms/owa/guesmap.rnap4?iplscode=0800&iwebcod=&iuid=3T3F4C4C3N4E3Q4A
390,彰化,http://cmdweb.pcc.gov.tw/pccms/owa/guesmap.rnap4?iplscode=0700&iwebcod=&iuid=3T3F4C4C3N4E3Q4A
391,台中,http://cmdweb.pcc.gov.tw/pccms/owa/guesmap.rnap4?iplscode=0600&iwebcod=&iuid=3T3F4C4C3N4E3Q4A
392,苗栗,http://cmdweb.pcc.gov.tw/pccms/owa/guesmap.rnap4?iplscode=0500&iwebcod=&iuid=3T3F4C4C3N4E3Q4A
393,新竹,http://cmdweb.pcc.gov.tw/pccms/owa/guesmap.rnap4?iplscode=0400&iwebcod=&iuid=3T3F4C4C3N4E3Q4A
394,桃園,http://cmdweb.pcc.gov.tw/pccms/owa/guesmap.rnap4?iplscode=0300&iwebcod=&iuid=3T3F4C4C3N4E3Q4A
395,宜蘭,http://cmdweb.pcc.gov.tw/pccms/owa/guesmap.rnap4?iplscode=0200&iwebcod=&iuid=3T3F4C4C3N4E3Q4A
396,新北,http://cmdweb.pcc.gov.tw/pccms/owa/guesmap.rnap4?iplscode=0100&iwebcod=&iuid=3T3F4C4C3N4E3Q4A
